{
    "version": 1,
    "generacion": 251,
    "bestScore": 46813,
    "brain": {
        "wIH": [
            [
                0.7344713356722024,
                0.5625780503244139,
                0.7454195439571765
            ],
            [
                -0.2894060075140148,
                1.1000368189499157,
                0.11816979982315545
            ],
            [
                -1.194762788229,
                0.021834866021991584,
                -0.3082698258663202
            ],
            [
                -0.08686144817713548,
                -0.5906443746348271,
                0.8781718882777043
            ]
        ],
        "wHO": [
            [
                0.6554557634894573,
                0.05339387370316084,
                -0.14444734606580872,
                0.8025944248990509
            ],
            [
                0.9580176625337766,
                -0.3239425786001205,
                -0.1121737919611111,
                -0.6851550085708452
            ]
        ],
        "bH": [
            -0.6755017533267365,
            -0.25965034257878505,
            -0.8852383657883702,
            -0.5574503339347252
        ],
        "bO": [
            0.9816448450170489,
            0.30334593613400856
        ]
    },
    "savedAt": 1779324766329
}